<emDataViewDatabaseIndex>
  <version minor="1" major="1"/>
  <emDatabase>
    <ParameterNames>
      <parameterName>a0</parameterName>
      <parameterName>b0</parameterName>
      <parameterName>a1</parameterName>
      <parameterName>b1</parameterName>
      <parameterName>b50</parameterName>
      <parameterName>beta</parameterName>
      <parameterName>lb</parameterName>
      <parameterName>r</parameterName>
    </ParameterNames>
    <databaseItems>
      <databaseItem name="data.004" index="4">
        <parameterValues>
          <value>893.243 mil</value>
          <value>44.453 mil</value>
          <value>819.527 mil</value>
          <value>75.179 mil</value>
          <value>43.224409 mil</value>
          <value>90</value>
          <value>110.4 mil</value>
          <value>100 mil</value>
        </parameterValues>
        <fileNames>
          <name>data.004.sio</name>
          <name>data.004.sam</name>
          <name>data.004.log.zip</name>
        </fileNames>
        <originalFileNames>
          <name>proj.sio</name>
          <name>proj.sam</name>
          <name>proj.log.zip</name>
        </originalFileNames>
      </databaseItem>
    </databaseItems>
  </emDatabase>
</emDataViewDatabaseIndex>
