<emDataViewOptions>
  <version minor="2" major="1"/>
  <Options portTerminalPinsNetlistMode="Shorted" symbolNetlistMode="All pins" extrapolationMode="Linear" enforcePassivity="DuringExtrapolation"/>
  <cellParameters useInterpolation="no">
    <parameters>
      <cellParameter name="a0" delta="19.685 mil" resolution="0.001 mil"/>
      <cellParameter name="b0" delta="19.685 mil" resolution="0.001 mil"/>
      <cellParameter name="a1" delta="19.685 mil" resolution="0.001 mil"/>
      <cellParameter name="b1" delta="19.685 mil" resolution="0.001 mil"/>
      <cellParameter name="b50" delta="19.685 mil" resolution="0.001 mil"/>
      <cellParameter name="beta" delta="10.0" resolution="0.1"/>
      <cellParameter name="lb" delta="13.1234 mil" resolution="0.001 mil"/>
    </parameters>
  </cellParameters>
</emDataViewOptions>
